<?xml version="1.0" encoding="UTF-8" standalone="yes"?>
<addon id="plugin.video.artetv" name="Arte TV" version="1.0.0" provider-name="melmorabity">
  <requires>
    <import addon="xbmc.python" version="2.26.0" />
    <import addon="script.module.dateutil" version="2.8.1" />
    <import addon="script.module.inputstreamhelper" version="0.5.1"/>
    <import addon="script.module.requests" version="2.22.0" />
  </requires>
  <extension point="xbmc.python.pluginsource" library="addon_entry.py">
    <provides>video</provides>
  </extension>
  <extension point="xbmc.addon.metadata">
    <reuselanguageinvoker>true</reuselanguageinvoker>
    <summary lang="de_DE">Arte</summary>
    <summary lang="en_GB">Arte</summary>
    <summary lang="es_ES">Arte</summary>
    <summary lang="fr_FR">Arte</summary>
    <summary lang="it_IT">Arte</summary>
    <summary lang="pl_PL">Arte</summary>
    <description lang="de_DE">Arte Live und Mediathek</description>
    <description lang="en_GB">Live and catchup TV for Arte</description>
    <description lang="fr_FR">Direct et replay TV d'Arte</description>
    <disclaimer lang="fr_FR">Cette extension n'est pas officielle et n'a aucun lien avec Arte</disclaimer>
    <disclaimer lang="en_GB">This addon is unofficial and not related to Arte</disclaimer>
    <language>de</language>
    <language>en</language>
    <language>es</language>
    <language>fr</language>
    <language>it</language>
    <language>pl</language>
    <platform>all</platform>
    <license>GPL-2.0-or-later</license>
    <website>https://www.arte.tv/</website>
    <source>https://github.com/melmorabity/plugin.video.artetv/</source>
    <assets>
      <icon>resources/icon.png</icon>
      <fanart>resources/fanart.jpg</fanart>
    </assets>
    <news>v1.0.0 (2021-02-31)
    - Initial version</news>
  </extension>
</addon>
